category,check_name,actual_value,expected_value,status,check_timestamp
Database Object,Table exists: dim_customer,1,1,PASS,2026-10-04 02:35:29.473675
Database Object,Table exists: fact_quotes,1,1,PASS,2026-10-04 02:35:29.473675
Database Object,Table exists: fact_policies,1,1,PASS,2026-10-04 02:35:29.474672
Database Object,Table exists: fact_claims,1,1,PASS,2026-10-04 02:35:29.474672
Database Object,Table exists: fact_events,1,1,PASS,2026-10-04 02:35:29.475672
Database Object,Table exists: customer_360,1,1,PASS,2026-10-04 02:35:29.475672
Database Object,Table exists: daily_business_summary,1,1,PASS,2026-10-04 02:35:29.476674
Database Object,View exists: vw_quote_conversion_by_channel,1,1,PASS,2026-10-04 02:35:29.476674
Database Object,View exists: vw_product_performance,1,1,PASS,2026-10-04 02:35:29.477672
Database Object,View exists: vw_policy_portfolio,1,1,PASS,2026-10-04 02:35:29.477672
Database Object,View exists: vw_claim_performance,1,1,PASS,2026-10-04 02:35:29.478672
Database Object,View exists: vw_customer_value,1,1,PASS,2026-10-04 02:35:29.478672
Row Count,dim_customer row count,10000,10000,PASS,2026-10-04 02:35:29.479673
Row Count,fact_quotes row count,50000,50000,PASS,2026-10-04 02:35:29.481672
Row Count,fact_policies row count,10613,10613,PASS,2026-10-04 02:35:29.482673
Row Count,fact_claims row count,4000,4000,PASS,2026-10-04 02:35:29.483676
Row Count,fact_events row count,100000,100000,PASS,2026-10-04 02:35:29.492852
Row Count,customer_360 row count,10000,10000,PASS,2026-10-04 02:35:29.494852
Primary Key,dim_customer.customer_id missing values,0,0,PASS,2026-10-04 02:35:29.495852
Primary Key,dim_customer.customer_id duplicate keys,0,0,PASS,2026-10-04 02:35:29.500850
Primary Key,fact_quotes.quote_id missing values,0,0,PASS,2026-10-04 02:35:29.522850
Primary Key,fact_quotes.quote_id duplicate keys,0,0,PASS,2026-10-04 02:35:29.588855
Primary Key,fact_policies.policy_id missing values,0,0,PASS,2026-10-04 02:35:29.595858
Primary Key,fact_policies.policy_id duplicate keys,0,0,PASS,2026-10-04 02:35:29.607856
Primary Key,fact_claims.claim_id missing values,0,0,PASS,2026-10-04 02:35:29.610856
Primary Key,fact_claims.claim_id duplicate keys,0,0,PASS,2026-10-04 02:35:29.616858
Primary Key,fact_events.event_id missing values,0,0,PASS,2026-10-04 02:35:29.660865
Primary Key,fact_events.event_id duplicate keys,0,0,PASS,2026-10-04 02:35:29.830225
Primary Key,customer_360.customer_id missing values,0,0,PASS,2026-10-04 02:35:29.831526
Primary Key,customer_360.customer_id duplicate keys,0,0,PASS,2026-10-04 02:35:29.842526
Referential Integrity,fact_quotes -> dim_customer,0,0,PASS,2026-10-04 02:35:29.890727
Referential Integrity,fact_policies -> dim_customer,0,0,PASS,2026-10-04 02:35:29.901729
Referential Integrity,fact_policies -> fact_quotes,0,0,PASS,2026-10-04 02:35:30.042167
Referential Integrity,fact_claims -> fact_policies,0,0,PASS,2026-10-04 02:35:30.097894
Referential Integrity,fact_events -> dim_customer,0,0,PASS,2026-10-04 02:35:30.208865
Business Rule,Invalid quote premium,0,0,PASS,2026-10-04 02:35:30.232248
Business Rule,Invalid policy premium,0,0,PASS,2026-10-04 02:35:30.239253
Business Rule,Invalid claim amount,0,0,PASS,2026-10-04 02:35:30.242256
Business Rule,Invalid quote conversion flag,0,0,PASS,2026-10-04 02:35:30.263252
